Auction start (UTC),Auction ID,Property ID,Source,Bank,Branch,Locality,Pincode,Area,BHK,Reserve price (Rs),EMD (Rs),EMD deadline (UTC),EMD open,Possession,Inspection contact,Address
2026-10-07T08:30:00.000Z,363458,BARBBLRC124,BAANKNET,Bank of Baroda,MALLESWARAM MAIN - 520,,560001,"2,500 sq ft",3 BHK,40000000,4000000,2026-10-07T12:25:00.000Z,True,Physical,Govindappa K 9550074408,"ALL THAT PROPERTY BEARING MUNICIPAL NO.123 SITUATED AT INFANTRY ROAD MUNICIPAL WARD NO.78 OF VASANTHANAGAR BANGALORE AND IN ALL APPROXIMATELY MEASURING 10397 SQ. FT. OUT OF 12059 SQ. FT. SCHEDULE B PROPERTY: 450 SQ.FT OF UNDIVIDED SHARE, RIGHT, TITLE, INTEREST AND OWNERSHIP IN SCHEDULE A PROPERTY. SCHEDULE C PROPERTY: RESIDENTIAL 3BHK FLAT BEARING NO. 202, IN 2ND FLOOR OF PRISTINE VARA BBMP PROPERTY BEARING NO.123 5M SITUATED AT INFANTRY ROAD, BANGALORE, PID NO. 78-1-123/5, BBMP WARD NO. 110-SAMPANGIRAMANAGAR, BEING BUILT IN SCHEDULE A PROPERTY AND HAVING SUPER BUILT UP AREA 2500 SQ. FT. (CARPET AREA MEASURING 1665 SQ.FT), AND RIGHT TO USE COMMON AREAS SUCH AS PASSAGES, LOBBIES, LIFTS, STAIRCASES AND OTHER AREAS OF COMMON USAGE AND ONE COVERED CAR PARKING SPACE IN BASEMENT AND BOUNDED ON: EAST BY: PRIVATE PROPERTY WEST BY: PRIVATE PROPERTY NORTH BY: FLAT NO. 201 SOUTH BY: PRIVATE PROPERTY"
2026-10-07T08:30:00.000Z,363449,BARBBLRC125,BAANKNET,Bank of Baroda,MALLESWARAM MAIN - 520,,560001,"2,500 sq ft",3 BHK,40000000,4000000,2026-10-07T12:25:00.000Z,True,Physical,Govindappa K 9550074408,"SCHEDULE A PROPERTY: PROPERTY BEARING MUNICIPAL NO.123, SITUATED AT INFANTRY ROAD, MUNICIPAL WARD NO. 78 OF VASANTHANAGAR, BANGALORE AND IN ALL APPROXIMATELY MEASURING 10397 SQ. FT. OUT OF 12059 SQ. FT. AND BOUNDED BY: EAST: ROAD WEST: PRIVATE PROPERTY NORTH: INFANTRY ROAD SOUTH: PRIVATE PROPERTY SCHEDULE B PROPERTY: 450 SQ.FT. OF UNDIVIDED SHARE, RIGHT, TITLE, INTEREST AND OWNERSHIP IN SCHEDULE A PROPERTY. SCHEDULE C PROPERTY: RESIDENTIAL FLAT BEARING NO.702, COMPRISING OF 3 BHK IN 7TH FLOOR OF PRISTINE VARA, PID NO.78-1-123/15 BEING BUILT IN THE SCHEDULE A PROPERTY AND HAVING SUPER BUILT-UP AREA OF 2500 SQUARE FEET AND ITS CARPET AREA MEASURING 1563 SQUARE FEET, TOGETHER WITH ONE COVERED CAR PARKING SPACE IN THE BASEMENT AND RIGHT TO USE COMMON AREAS SUCH AS PASSAGES, LOBBIES, LIFTS, STAIRCASES AND OTHER AREAS OF COMMON USAGE AND BOUNDED ON THE: EAST BY: PRIVATE PROPERTY WEST BY: PRIVATE PROPERTY NORTH BY: FLAT NO.701 SOUTH BY: PRIVATE PROPERTY"
2026-10-07T08:30:00.000Z,364395,BARB894120240002,BAANKNET,Bank of Baroda,"REGIONAL SARB, BENGALURU NORTH - 6135",Bengaluru,560076,"1,229 sq ft",2 BHK,2700000,270000,2026-10-06T13:30:00.000Z,False,Physical,SHREEKRUSHNA M 8328869592,"A Two bedroom apartment bearing Flat No 301, in C Block,Situated on the Third Floor of the Building known as “PRUTHVI ROYAL” Constructed on Schedule ‘A’ Property with a super built up area of 1229.13 Sq. ft along with one covered car parking space which inclusive of proportionate share in common areas, passages, lobbies, staircases and other areas of common use with 316.78 Square Feet of undivided share, right, title and interest and ownership in the land in Schedule ‘A’ Property and bounded by; East by: Lobby, West by: Open Space, North by: Flat No 302, South by: Open Space,"
2026-10-07T08:30:00.000Z,364400,BARB894120240001,BAANKNET,Bank of Baroda,"REGIONAL SARB, BENGALURU NORTH - 6135",Bengaluru,560076,"1,232 sq ft",2 BHK,2725000,272500,2026-10-06T13:30:00.000Z,False,Physical,SHREEKRUSHNA M 8328869592,"A Two bedroom apartment bearing Flat No 203, in C Block, Situated on the Second Floor of the Building known as “PRUTHVI ROYAL” Constructed on Schedule ‘A’ Property with a super built up area of 1232.00 Sq. ft along with one covered car parking space which inclusive of proportionate share in common areas, passages, lobbies, staircases and other areas of common use with 317.28 Square Feet of undivided share, right, title and interest and ownership in the land in Schedule ‘A’ Property and bounded by; East by: Flat No C-202, West by: Flat No C-204, North by: Entrance Corridor, South by: Open to Sky,"
2026-10-07T08:30:00.000Z,364391,BARB89412026001,BAANKNET,Bank of Baroda,"REGIONAL SARB, BENGALURU NORTH - 6135",,560078,382 sq ft,3 BHK,4770000,477000,2026-10-06T13:30:00.000Z,False,Physical,SHREEKRUSHNA M 8328869592,"Schedule ‘A’- Sy. No. 43 BBMP Khatha No. 220/43 Converted for residential purpose vide order No. ALN(S.U) SR-174/2010-11 dated 3-5-2011 BBMP Ward No.192 measuring to an extent of 1A-14G including 4 Guntas of Kharab situated at Gottigere Village, Uttarahalli Hobli, Bangalore South Taluk and bounded by; East by: Re- Sy No. 61 (Quarry), West by: Private Property, North by: Sy. No. 44 & Road, South by: Himagiri Properties (Sy Nos. 42 & 130), Schedule ‘B’- 382.24 Sq. Ft. (Three Hundred and Sixteen point Seventy Eight Square Feet) undivided share, right title interest and ownership in the land compromised in the Schedule ‘A’ Property. Schedule ‘C’ – A three Bedroom Apartment bearing Flat No. 103 in D Block, situated on the First Floor of the Building known as “PRUTHVI ROYAL”, constructed on Schedule ‘A’ Property, with a super built up area 1483.12 Sq, Ft. along with One covered Car Parking Space."
2026-10-07T08:30:00.000Z,361903,BARBVJKATHMUNIRAJU,BAANKNET,Bank of Baroda,"REGIONAL SARB, BENGALURU SOUTH - 6136",,560078,"1,650 sq ft",3 BHK,3611000,361100,2026-10-07T12:29:00.000Z,True,Symbolic,MR DEVI DAYAL 9137960132,"Residential Flat bearing N. T-4, Present Municipal No. 46/1/6/T-4 on Third Floor, of the building named Kushi Apartment having measurement of 1650 Sq. Ft of Super Built up Area, consisting of Three Bedrooms, One Common Bath, Hall, Modular Kitchen , vertified Flooring, Passage Balcony all electrical fittings and with all civic amenities thereon and One Covered Car Park space in Stilt Floor and bounded on East By: Open Space, West By: Common Corridor and Main Door Entrance and jFlat NO. T3 North By: Open Space South By: Open Space"
2026-10-08T05:30:00.000Z,362080,CNRB13695704,BAANKNET,Canara Bank,BENGALURU SOUTH END CIRCLE-1173,Kasavanahalli,560035,-,,6135000,613500,2026-10-07T11:30:00.000Z,True,Physical,ABHISHEK PRAKASH 9483531173,"All that piece and parcel of the Residential Apartment bearing Flat No.101 in the Ground Floor in the Residential Apartment Complex known as K.R.RESIDENCY, situated at Junna Sandra Village, Varthur Hobli, Bengaluru South Taluk, now comes under jurisdiction of Doddakennahalli Village Panchayath Area, Bengaluru South Taluk"
2026-10-08T05:30:00.000Z,361801,SBIN77987910732,BAANKNET,State Bank of India,SARB BANGALORE-05173,Akshayanagar,560068,-,,13500000,1350000,2026-10-07T10:30:00.000Z,True,Physical,Mr.Jayananda KN 9741112141,"Flat No. 1, First Floor, ""JAMPA EXPERIA"", on Site No. 65, converted Sy No. 341, at Begur Village, Begur Hobli, Bangalore South Taluk, Bangalore - 560068"
2026-10-09T05:00:00.000Z,356561,CNRB9076570,BAANKNET,Canara Bank,BENGALURU SPECIALISED ARM BRANCH,Bengaluru,560072,"1,142 sq ft",,8500000,850000,2026-10-08T11:30:00.000Z,True,Symbolic,R ANAJANEYALU 9901642631,"Flat bearing No.FF-1 on the First Floor in the Apartment Building known as TRICON VISTA APARTMENTS, having a Super Built Up Area measuring 1,142 Square Feet constructed on the Schedule ""A"" Property which is inclusive of proportionate share of common areas and having vitrified with One Open Car Parking Space in the Ground Floor. situated at Nagarabhavi II Stage, II Block, Bengaluru"
2026-10-09T05:30:00.000Z,369677,BKID840575110000380,BAANKNET,Bank of India,ARB BENGALURU,Bommasandra,560099,-,,4200000,420000,2026-10-09T11:29:00.000Z,True,Symbolic,Harikumar S 9447324947,"Flat no BF-303, 2nd Floor, F-Block, B Tower, Garden Residency Apartment, Bengaluru- 560099"
2026-10-09T05:30:00.000Z,369703,BKID840575110000378,BAANKNET,Bank of India,ARB BENGALURU,Bommasandra,560099,-,,4200000,420000,2026-10-09T11:29:00.000Z,True,Symbolic,Harikumar S 9447324947,"GARDEN RESIDENCY-1, A-01, Kachanayakanahalli village, jigani hobli, Bommasandra, Anekal Taluk Karnataka 560099"
2026-10-09T05:30:00.000Z,369694,BKID840575110000376,BAANKNET,Bank of India,ARB BENGALURU,Near Bommasandra Industrial Area,560099,-,,4200000,420000,2026-10-09T11:29:00.000Z,True,Symbolic,Harikumar S 9447324947,"FLAT BE 104, E BLOCK, GARDEN RESIDENCY-1, , Kachanayakanahalli village, jigani hobli, Bommasandra, Anekal Taluk Karnataka 560099"
2026-10-09T07:30:00.000Z,361424,CNRB112263267A,BAANKNET,Canara Bank,BENGALURU SPECIALISED ARM BRANCH-II,Sulthanpete,560053,-,,9800000,980000,2026-10-08T18:29:00.000Z,True,Symbolic,CHIEF MANAGER 9464534482,FLAT NO 208 2ND FLOOR C M COMPLEX SULTHANPETE BANGALORE 560053
2026-10-12T04:30:00.000Z,360831,SBIN200050618277,BAANKNET,State Bank of India,SARB BANGALORE-05173,Kariyammana Agrahara,560103,-,,53330000,5333000,2026-10-12T03:30:00.000Z,True,Physical,Mr. Vivek Raina 8197025366,"FLAT NO B-101, FIRST FLOOR, TOWER B, MANTRI ESPANA, AT KARIYAMMANA AGRAHARA AND DEVARABISANAHALLIVILLAGES, VARTHUR HOBLI, BANGALORE SOUTH TALUK"
2026-10-13T05:00:00.000Z,365788,CNRB1220315,BAANKNET,Canara Bank,BENGALURU SPECIALISED ARM BRANCH,Bangalore,560099,"1,089 sq ft",,3500000,350000,2026-10-12T11:30:00.000Z,True,Symbolic,R ANJANEYALU 9901642631,"Flat No. F-403 3rd floor F block, Sy No.108/3, 108/2, Measuring super built up area of 1089 Sqft along with 400 Sqft of undivided interest in land at Garden Residency Apartment, Bommasandra, Jigani Hobli, Anekal Taluk, Bangalore 560099. Boundries: North-common corridor South-open to sky of the apartment building East-open to sky of the apartment building. West-Residential apartment privately numbered as F-404."
2026-10-13T05:00:00.000Z,365769,CNRB1122,BAANKNET,Canara Bank,BENGALURU SPECIALISED ARM BRANCH,Bangalore,560099,"1,089 sq ft",,3500000,350000,2026-10-12T11:30:00.000Z,True,Symbolic,R ANAJANEYALU 9901642631,"Flat No. F-402 3rd floor F block, Sy No.108/3, 108/2, Measuring super built up area of 1089 Sqft along with 400 Sqft of undivided interest in land at Garden Residency Apartment, Bommasandra, Jigani Hobli, Anekal Taluk, Bangalore 560099. Boundries: North-open to sky of the apartment building. South-Common corridor. East-open to sky of the apartment building. West-Residential apartment privately numbered as F-401."
2026-10-13T05:00:00.000Z,365799,CNRB3153,BAANKNET,Canara Bank,BENGALURU SPECIALISED ARM BRANCH,Bangalore,560099,"1,089 sq ft",,3500000,350000,2026-10-12T11:30:00.000Z,True,Symbolic,R ANJANEYALU 9901642631,"Flat No. F-404 3rd floor F block, Sy No.108/3, 108/2, Measuring super built up area of 1089 Sqft along with 400 Sqft of undivided interest in land at Garden Residency Apartment, Bommasandra, Jigani Hobli, Anekal Taluk, Bangalore 560099.Boundries: North-common corridor South-open to sky of the apartment building East- Residential apartment privately numbered as F-403."
2026-10-13T05:00:00.000Z,365444,CNRB257802179,BAANKNET,Canara Bank,BENGALURU SPECIALISED ARM BRANCH,Kodathi Varthur,560035,-,,3298000,329800,2026-10-12T11:30:00.000Z,True,Symbolic,VIGNESH N 9486092152,"Apartment bearing Flat No. C-04, Ground Floor, C Block, “KINGS SQUARE” Apartment located in Property bearing Sy. No. 189, Situated at Kodathi Village, Varthur Hobli, Bangalore East Taluk, Bangalore Urban District- 560035"
2026-10-13T05:00:00.000Z,365467,CNRB257802179B04,BAANKNET,Canara Bank,BENGALURU SPECIALISED ARM BRANCH,Kodathi Village Varthur,560035,-,,3298000,329800,2026-10-12T11:30:00.000Z,True,Physical,VIGNESH N 9486092152,FLAT NO B04 GROUND FLOOR B BLOCK KINGS SQUARE APARTMENT SY NO 189 SITUATED AT KODATHI VILLAGE VARTHUR HOBLI BANGALORE EAST TALUK BANGALORE 560035
2026-10-14T05:30:00.000Z,361083,PUNBABA40271066,BAANKNET,Punjab National Bank,ARMB BANGALORE 819100,"Church Street, M G Road",560001,-,,7240000,724000,2026-10-14T08:30:00.000Z,True,Symbolic,Vaitheeswaran R 9632588100,"Flat No.A-1/B,Mezzanine Floor, Daffadils' Apartment, No.25 (Old No.4/3), Church Street, M G Road, Bangalore 560 001 - Opp. Ghar Apartment."
2026-10-14T07:30:00.000Z,355236,CNRB107772624,BAANKNET,Canara Bank,BENGALURU SPECIALISED ARM BRANCH-II,Hirandahalli Village Bidarahalli Hobli ,560049,-,,5000000,500000,2026-10-13T18:29:00.000Z,True,Symbolic,CHIEF MANAGER 9464534482,FLAT NO 309 3RD FLOOR APARTMENT PINNACLE HIRANDAHALLI VILLAGE BIDARAHALLI HOBLI BANGALORE
2026-10-14T08:30:00.000Z,361574,BARBBLRC168,BAANKNET,Bank of Baroda,"REGIONAL SARB, BENGALURU CENTRAL - 6246",,562125,980 sq ft,,4410000,441000,2026-10-14T12:25:00.000Z,True,Physical,Govindappa K 9550074408,"SCHEDULE ‘A’ PROPERTY All that piece and parcel of the Residentially converted land by the Assistant commissioner vide no. ALN.SR.(A)319/2004-05, bearing Sy. No 119/3, measuring 1 Acre and 10 Guntas, situated at S. Medahalli Village, Sarjapura Hobli, Anekal Taluk, Bengaluru and bounded on the East by : Land of Sri Yellappa S/o Sri Kivudappa, West by : Land bearing sy. No. 119/2, North by: Road Reaching to Handenahalli Village, South by: Land of Thyavakanahalli Balappa SCHEDULE ‘B’ PROPERTY 392 Sq. ft of undivided share, right, title and interest in the schedule ‘A’ property SCHEDULE ‘C’ PROPERTY All the piece and parcel of the Residential Apartments/ Flat bearing No. 2008, on the second floor, in the Residential Apartment building known as “MAYUR DAFFODILS”, having super built up area measuring 980 Square feet, constructed on the Schedule “A” Property, along with one covered Car parking space in the basement Level and the apartment is bounded on the: East by: Open Space, West by: Corridor, North by: Flat No 2007, South by: Flat No. 2009."
2026-10-15T05:00:00.000Z,366518,CNRB312561424,BAANKNET,Canara Bank,BENGALURU SPECIALISED ARM BRANCH,Goolimangala,562125,-,,3950000,395000,2026-10-14T11:30:00.000Z,True,Symbolic,VISHALA 9966397756,"FLAT NO B009 BLOCK GF E KHATA NO 150200103000520099, Goolimangala Village, Sarjapura Hobli, Anekal Taluk, Bangalore"
2026-10-15T05:00:00.000Z,365839,CNRBNANDNAVE,BAANKNET,Canara Bank,BENGALURU SPECIALISED ARM BRANCH,,560064,"1,135 sq ft",2 BHK,5750000,575000,2026-10-14T11:30:00.000Z,True,Symbolic,VISHALA 9966397756,"Two Bed Room Apartment bearing No.G013, situated on Ground Floor in the building Known as “MIDHILA DELUXE” constructed on schedule-A property with a Super Built Up Area of 1135 Sq Feet with one covered car parking area in Basement floor and having R CC Roofing Vitrified Flooring, Main Door and shutter decorative moulded made of quality hard wood (Both side teak finish) Wood Windows/Internal Flush Doors with Sal wood frames with proportionate share in common areas lobbies passages, lifts, staircase etc,with electricity water and sanitary connection with all appurtenances whatsoever with common use of approach to car parking area and staircase situated at Maruthi Nagar Kogilu Village Road Yelahanka Bangalore North bounded on the East By: Common Area West By: Court Yard North By: Flat No G014 South By: Flat No G012"
2026-10-15T05:30:00.000Z,365844,CNRBHONNAMMAHOUSE,BAANKNET,Canara Bank,BENGALURU SPECIALISED ARM BRANCH,,560098,"4,000 sq ft",,8300000,830000,2026-10-14T11:30:00.000Z,True,Physical,VISHALA 9966397756,"The Residential Flat/Apartment No. FF1, in the 1st Floor, having Present BBMP Khata No.5985/FF1/59/2317/1, New PID No.160-W0798-6-2, in the Apartment known as “Shodhan Homes’ , having 1535 sq.ft. of Super Built-up area constructed with RCC roofing, vitrified flooring, Teak and Honne Wood doors and windows with all civic amenities like Electricity, Water and Sanitary connections along with one covered car parking space in Ground Floor, bearing No. FF-1 and 5th Stage BEML Layout of Halagevaderahalli Village, Kengeri Hobli, Bangalore South Taluk, measuring East to West: 50’0” Feet and North to South: 80’0” Feet, totally measuring 444.44 Square Yards or 4000 sq.ft. and bounded on East by: Setback area West by: Setback area North by: Setback area South by: Apartment No. FF 2"
2026-10-15T05:30:00.000Z,366108,SBIN77660377145,BAANKNET,State Bank of India,SARB BANGALORE-05173,Balagaranahalli Village,562107,-,,3040000,304000,2026-10-15T04:30:00.000Z,True,Physical,GOVIND BALLAL 9449086490,"Flat No. 202, ‘Peace Park’ , Balagaranahalli Village, Attibele Hobli, Anekal Taluk, Bangalore Rural-562107."
2026-10-15T05:30:00.000Z,366112,SBIN20005026967,BAANKNET,State Bank of India,SARB BANGALORE-05173,"Balagaranahalli Village,",562107,-,,3040000,304000,2026-10-15T04:30:00.000Z,True,Physical,GOVIND BALLAL 9449086490,"Flat No. 203, ‘Peace Park’ , Balagaranahalli Village, Attibele Hobli, Anekal Taluk, Bangalore Rural-562107."
2026-10-15T05:30:00.000Z,366524,CNRBMANSOOR105,BAANKNET,Canara Bank,BENGALURU SPECIALISED ARM BRANCH,,560077,"1,193 sq ft",,6900000,690000,2026-10-14T11:30:00.000Z,True,Physical,VISHALA 9966397756,"All that piece and parcel of immovable property being a residential apartment unit bearing No. 105, E-Khata Sl No. 150200401100320772 and the vendor has paid the property taxes under the said Khata No. 1010/183/2/8 to the Doddagubbi Village Panchayat upto 2022-23 having a super built up area of 1193 square feet, situated on the gound floor of the stilt +G +2 floor, with one covered car parking residential apartment complex by name “Romaa Regency” being developed on the Schedule A property together with the right to use the common area, utilities and facilities in the project. East by: Unit No. 106 of Romaa Regency Apartment, West by: Unit No. 104 of Romaa Regency Apartment North by: Passage and Compound wall of Romaa Regency Apartment South by: Driveway and compound wall of Romaa Regency Apartment"
2026-10-15T05:30:00.000Z,366520,CNRBMANSOOR104,BAANKNET,Canara Bank,BENGALURU SPECIALISED ARM BRANCH,,560077,"1,178 sq ft",,6200000,620000,2026-10-14T11:30:00.000Z,True,Physical,VISHALA 9966397756,"All that piece and parcel of immovable property being a residential apartment unit bearing No. 104, E-Khata Sl No. 150200401100320766 and the vendor has paid the property taxes under the said Khata No. 1010/183/2/8 to the Doddagubbi Village Panchayat upto 2022-23 having a super built up area of 1178 square feet, situated on the gound floor of the stilt +G +2 floor, with one covered car parking residential apartment complex by name “Romaa Regency” being developed on the Schedule A property together with the right to use the common area, utilities and facilities in the project. East by: Unit No. 105 of Romaa Regency Apartment, West by: Unit No. 103 of Romaa Regency Apartment North by: Passage and Compound wall of Romaa Regency Apartment South by: Driveway and compound wall of Romaa Regency Apartment"
2026-10-15T05:30:00.000Z,366854,SBIN200016998896,BAANKNET,State Bank of India,SARB BANGALORE-05173,Attibele,562107,-,,4207000,420700,2026-10-15T05:00:00.000Z,True,Physical,ANUSUYA RAVI SEKAR 9550340218,"Flat No. 1, Ground Floor, ""PEACE PARK"", Balagaranahalli Village, Attibele Hobli, Anekal Taluk, Bangalore"
2026-10-15T05:30:00.000Z,366840,SBIN200016967466,BAANKNET,State Bank of India,SARB BANGALORE-05173,Attibele,562107,-,,4025000,402500,2026-10-15T05:00:00.000Z,True,Physical,ANUSUYA RAVI SEKAR 9550340218,"Flat No. 002, Ground Floor, ""PEACE PARK"", Balagaranahalli Village, Attibele Hobli, Anekal Taluk, Bangalore - 562107"
2026-10-15T05:30:00Z,242543,-,bankeauctions.com,Phoenix ARC Private Limited.,,"Kadatamale, Hesaraghatta Hobli (Provident Welworth City)",,"1,075 sq ft",3 BHK,3552100,355210,,True,-,See sale notice on bankeauctions.com,"All that peace and parcel of the property bearing three Bedroom Apartment no. 708 (Property No. 150200202500223153) on the Seventh Floor of the Block/Wing-J8 known as ""Provident Welworth City” having built up area of 1075 Sq. ft. and one stilt car parking facility, along with 0.0239 % undevided share equivalent to 312.47 Sq.ft. and constructed in converted sy.Nos. 30,31,32,33,34 and 161 of Kadatamale village, Hesaragatta Hobli, Bangalore North Taluk, totally measuring 41 Acres 9.75 guntas (i.e. 17,96,576.51 Sq.Ft.). bounded as follows:- East by: Land Sy. No. 160, Doddaballapura Road, Land in S"
2026-10-15T08:30:00.000Z,364147,BARBBLRC166,BAANKNET,Bank of Baroda,HAL III STAGE - 8957,,560037,"1,372 sq ft",,16500000,1650000,2026-10-15T12:25:00.000Z,True,Symbolic,Govindappa K 9550074408,"Apartment bearing No. F-802 admeasuring built-up area about 127.42 sq.mtrs i.e., 1372 sq.ft, Vide BBMP Khata No.405/183/F-802 situated on Eighth Floor in the Building No. ""F"" Block No. 'B' constructed in the ""Schedule Property"" in the Project known as ""ROHAN JHAROKA"" situated at Kempapura Village, Varthur Hobli, presently Bangalore East Taluk."
2026-10-17T05:00:00.000Z,366593,CNRBPRASA,BAANKNET,Canara Bank,BENGALURU SPECIALISED ARM BRANCH,,560078,-,,5100000,510000,2026-10-16T11:30:00.000Z,True,Symbolic,NIRANJAN 6381952519,"RESIDENTIAL FLAT NO FR-F3 FOURTH FLOOR ARIHANT MSR NEEPA, SITE NO 34 & 41, PUTTENAHALLI VILLAGE, UTTARAHALLI HOBLI, BANGALORE 560078"
2026-10-17T05:30:00.000Z,366198,CNRBANANDRAJ,BAANKNET,Canara Bank,BENGALURU SPECIALISED ARM BRANCH,"Kachanayakanahalli, Jigani Hobli",560099,"1,089 sq ft",,4100000,410000,2026-10-16T11:30:00.000Z,True,Symbolic,VIGNESH N 9486092152,"All that piece and parcel of property residentially converted land measuring 2 Acres 8 Guntas in Sy No. 108/2, situated at Kachanayakanahalli Village, Jigani Hobli, Anekal Taluk, Bangalore District, Residency unit/s in A,B,C,D, E & F Blocks together with car parking slots and bounded on the : East by : Land in Sy No.108/2 West by : Road, carved out of Kharab land North by : Road, carved out of Kharab land Sotuh by : Tank Bed 400 sq. ft of undivided share, right, title and interest in schedule ‘A’ property which is the corresponding undivided share in respect of Schedule Apartment Unit. Schedule ‘C’ property All that piece and parcel of property comprising one apartment unit, i.e. Flat bearing Flat No. E-203, ""GARDEN RESIDENCY"" Totally measuring a super built up area of 1089 Sq.ft situated in the second floor, in E Block, along with one Covered Car Parking space in the basement/Surface/Stilt Floor, (which is also inclusive of Balconies and and proportionate share in the common areas)."
2026-10-19T05:00:00.000Z,367914,CNRB76123150,BAANKNET,Canara Bank,BENGALURU SPECIALISED ARM BRANCH,Bangalore,560099,"1,089 sq ft",,4200000,420000,2026-10-17T11:30:00.000Z,True,Symbolic,R ANJANEYALU 9901642631,"MODTD OF All that piece and parcel of Property Comprising One apartment unit . Flat bearing No. E-406 ,3rd floor In E Block, In the Apartment Known as""GARDEN RESIDENCY"" Located in SYno 108/3, (Previous Portion of SY No 108/2, property No . 522/108/3, RDPR NO 150200103200820885 Situated at Kachanayakanahalli Village, Hennagara Village Panchayat , Jigani Hobli, Anekal Taluk, Bengaluru District -560099. super Built Up area of 1089 Sq. feet."
2026-10-19T05:00:00.000Z,369184,CNRB11668,BAANKNET,Canara Bank,BENGALURU SPECIALISED ARM BRANCH,Bangalore,560020,"2,400 sq ft",,20000000,2000000,2026-10-17T11:30:00.000Z,True,Symbolic,VIGNESH N 9486092152,"Flat @ Fourth Floor of Residential property site no.24, as per bifurcation new no.24/5,PID NO. 92-15-24/5 in the 4TH floor situated at Jayamahal road, Jayamahal extension BBMP WARD NO. 92, Measuring One Fifth (1/5TH) UDS in the land measuring East to west: 60 feet, North to south: 80 feet which work out to 960 Sq.ft. right in the land along with entire fourth (4th) floor with Super Built up area of 2400Sq ft owned by Mr Eshwara K N and bounded by: East:site no 24/1 measuring on that side 80ft, west Jayamahal road measuring on that side 80ft. North main road measuring on that side 60ft. And south: Government quarters measuring on that side 60 ft."
2026-10-19T05:00:00.000Z,367906,CNRBJIJI,BAANKNET,Canara Bank,BENGALURU SPECIALISED ARM BRANCH,,560035,"1,360 sq ft",,6120000,612000,2026-10-17T11:30:00.000Z,True,Physical,R ANJANEYALU 9901642631,"SCHEDULE “A” PROPERTY All that piece and parcel of the property being the converted land bearing Survey No. 189 situated at Kodathi Village, Varthur Hobli, Bengaluru East Taluk, measuring 2 Acres and 5 Guntas vide conversion order bearing No. ALN-(EVH)-SR-2/08-09, dated 09.09.2010, issued by the special Deputy Commissioner (Rev), Bengaluru District, from agricultural to non agricultural residential purposes, and bounded: East by : Land belonging to Sri. Shivanagappa in Sy No. 188 West by: Property belonging to Sri. Shivahanumanthappa in Sy No 190 North by: Land belonging to Sri. Krishna Reddy in Sy No. 193 South by: 40 feet road and thereafter Sy No. 79 SCHEDULE “B” PROPERTY 680 Square Feet of undivided right, title and interest in the Schedule “A” property SCHEDULE “C” PROPERTY All that piece and parcel of the Residential Apartment/ Flat bearing No. C-03 on the ground Floor in “C” Block, having a super built up area measuring 1360 Square feet in the Residential Apartment Building known as KINGS SQUARE constructed on the Schedule “A” property along with one covered Car Parking space in the Basement floor. Boundaries as follows: East: Open to Sky West: Entrance & then flat No. C-04 North: Flat No. C-02 South: Flat No. D-02 Coordinates of the described property; - Latitude - 12.894156 Longitude - 77.707919"
2026-10-23T04:30:00.000Z,369091,CNRB117366269ASHI,BAANKNET,Canara Bank,BENGALURU SPECIALISED ARM BRANCH,Singasandra,560068,-,,3100000,310000,2026-10-22T11:30:00.000Z,True,Symbolic,k kiran kumar 8074639331,"FLAT NO 106, 1ST FLOOR NEHA SADAN APARTMENT LOCATED IN PROPERTY BEARING SITE NO 7 OLD KHATA NO 193 PRESENT BBMP NEW MUNICIPAL NO 730/253/254/11/7 SY NO 11 SITUATED AT SINGASANDRA BEGUR HOBLI BANGALORE 560068"
2026-10-23T05:00:00.000Z,369068,CNRBJINTESH,BAANKNET,Canara Bank,BENGALURU SPECIALISED ARM BRANCH,Maruthinagar,560064,"1,230 sq ft",2 BHK,5700000,570000,2026-10-22T11:30:00.000Z,True,Symbolic,K KIRAN KUMAR 8074639331,"ALL THAT PIECE AND PARCEL OF THE 2 BHK RESIDENTIAL APARTMENT BEARING, FLAT NO 411, 4TH FLOOR, 'MIDHILA DELUXE' APARTMENT 6TH CROSS, 1ST MAIN ROAD, NEAR RV KALYANA MANTAPA MARUTHINAGAR, KOGILU VILLAGE, YELAHANKA HOBLI, BANGALORE NORTH TALUK, BENGALURU -560064 MEASURING 1230 SQ FT SUPER BUILT UP AREA TOGETHER WITH 345 SQ.FT UNDIVIDED RIGHT."
2026-10-28T08:30:00.000Z,369505,BARBSARBESSHASHIKUMARD,BAANKNET,Bank of Baroda,"REGIONAL SARB, BENGALURU SOUTH - 6136",,560076,"1,154 sq ft",2 BHK,3991000,399100,2026-10-28T12:30:00.000Z,True,Symbolic,MR DEVI DAYAL 9137960132,"Residential Flat No: Flat No 303,(2BHK) in A-Block 3rd Floor in “PRUTHVI ROYAL”” Sy No 43 situated at Gottigere Village, Uttarahalli Hobli, Bangalore South Taluk presently comes under Bruhat Bengaluru Mahanagara Palike Limits Bangalore 560076 measuring 1154.16 Sq. ft of super built up area UDS 297.46 Sq ft together with one covered car parking and bounded by East by: B-Block, West by: Corridor and Flat No 302, North by: Flat No 315, South by: Flat No 317"
2026-10-29T07:30:00.000Z,365270,CNRB314242058,BAANKNET,Canara Bank,BENGALURU SPECIALISED ARM BRANCH-II,Bangalore,560062,-,,8200000,820000,2026-10-28T18:29:00.000Z,True,Symbolic,CHIEF MANAGER 9464534482,KHATHA NO 731/534/1 SY NO 15 BIKASIPURA VILLAGE UTTARAHALLI HOBLI BANGALORE FLAT NO B 308 OASIS NINE SQ FT 1356
2026-11-05T07:30:00.000Z,369371,CNRB255126984A,BAANKNET,Canara Bank,BENGALURU SPECIALISED ARM BRANCH-II,Varthur,560087,-,,5500000,550000,2026-11-04T18:29:00.000Z,True,Symbolic,CHIEF MANAGER 9464534482,"Flat NO B-714. seventh Floor MULBERRY MIST syNO 55/3 56 57 58/1, at Varthur Village. Varthur Bangalore East Taluk. BANGALORE. 560087"
2026-11-05T07:30:00.000Z,369373,CNRB255126984B,BAANKNET,Canara Bank,BENGALURU SPECIALISED ARM BRANCH-II,Varthur,560087,-,,5500000,550000,2026-11-04T18:29:00.000Z,True,Symbolic,CHIEF MANAGER 9464534482,"Flat NO B-715. seventh Floor MULBERRY MIST syNO 55/3 56 57 58/1, at Varthur Village. Varthur Bangalore East Taluk. BANGALORE. 560087"
2026-11-11T04:30:00.000Z,369354,CNRBMEDIATECK,BAANKNET,Canara Bank,BENGALURU SPECIALISED ARM BRANCH,Srikanteswaranagar,560086,"1,296 sq ft",,9522000,952200,2026-11-09T11:30:00.000Z,True,Symbolic,VIJAYA R 7022044933,"All that piece and parcel of residential apartment bearing No.502, on the 5th Floor in the Block “A”, in the multi storied Residential Complex known as “ Ashoka heights” having a Super Built up Area measuring 1296 Sq. Ft, situated at 9th Cross, Srikanteshwaranagar, Bengaluru City Corporation Division No.8, along with One covered Car parking and the Apartment is bounded on the: East by : Driveway West by : Flat No. 503 North by : Flat No. 501/Lift South by : Driveway"
2026-11-16T04:30:00.000Z,369198,SBIN200053685141,BAANKNET,State Bank of India,SARB BANGALORE-05173,"Seegehalli, Basavanapura, Kr Puram",560049,-,,10800000,1080000,2026-11-16T03:30:00.000Z,True,Physical,Mr.Jayananda KN 9741112141,"Flat No.014, Ground Floor, Samhita Royal Splendor Apartment, Seegehalli, Basavanapura Village, KR Puram Hobli, Bengaluru East Taluk, Bengaluru"
2026-11-16T05:30:00.000Z,368805,SBIN200058332534,BAANKNET,State Bank of India,SARB BANGALORE-05173,Attibele,560100,-,2 BHK,4500000,450000,2026-11-16T04:30:00.000Z,True,Physical,Mr.Jayananda KN 9741112141,"2BHK Flat No. 119 on 1st Floor of Vmaks Rose Bay, Kammasandra Village, Attibele Hobli, Anekkal Taluk, Bengaluru"
